date,precipitation,temp_max,temp_min,wind,weather
2012-01-01,7.5,24.5,15.4,5.7,cloudy
2012-01-02,19.0,8.2,-0.5,8.8,rain
2012-01-03,14.6,24.7,4.3,5.6,rain
2012-01-04,12.0,35.0,17.5,9.6,rain
2012-01-05,3.1,6.4,15.2,0.5,cloudy
2012-01-06,3.1,34.3,19.6,1.0,sunny
2012-01-07,1.2,17.2,13.9,0.4,cloudy
2012-01-08,17.3,31.1,4.8,1.9,rain
2012-01-09,12.0,28.5,9.8,5.4,rain
2012-01-10,14.2,22.0,11.5,6.5,rain
2012-01-11,0.4,27.2,-3.0,0.5,cloudy
2012-01-12,19.4,31.4,8.6,9.5,rain
2012-01-13,16.6,17.1,12.7,8.4,rain
2012-01-14,4.2,14.8,-0.8,3.0,cloudy
2012-01-15,3.6,25.0,14.5,0.8,cloudy
2012-01-16,3.7,29.2,9.6,1.7,cloudy
2012-01-17,6.1,27.9,18.8,1.3,cloudy
2012-01-18,10.5,28.9,-3.9,1.2,rain
2012-01-19,8.6,18.1,1.6,5.2,cloudy
2012-01-20,5.8,29.5,10.0,2.5,cloudy
2012-01-21,12.2,8.6,2.4,3.6,rain
2012-01-22,2.8,21.3,12.9,9.9,cloudy
2012-01-23,5.8,5.2,14.0,6.8,fog
2012-01-24,7.3,14.7,-2.4,9.5,fog
2012-01-25,9.1,16.0,7.8,1.4,cloudy
2012-01-26,15.7,16.9,7.7,3.8,rain
2012-01-27,4.0,25.9,4.2,5.5,cloudy
2012-01-28,10.3,16.7,18.3,0.8,rain
2012-01-29,11.8,18.5,15.7,0.0,rain
2012-01-30,0.9,12.1,12.4,6.7,fog
2012-01-31,12.2,16.2,12.9,6.4,rain
2012-02-01,3.4,11.8,6.5,4.1,cloudy
2012-02-02,1.3,7.2,18.0,4.9,cloudy
2012-02-03,19.0,23.1,12.4,4.2,rain
2012-02-04,19.3,25.0,13.2,0.2,rain
2012-02-05,16.2,23.6,16.5,3.4,rain
2012-02-06,6.1,18.9,1.9,1.8,cloudy
2012-02-07,2.0,16.4,15.2,1.0,cloudy
2012-02-08,13.7,30.9,-0.1,9.6,rain
2012-02-09,8.8,20.6,3.6,6.0,cloudy
2012-02-10,2.4,19.4,3.4,7.3,cloudy
2012-02-11,9.9,5.8,19.5,3.2,cloudy
2012-02-12,0.7,15.2,16.4,3.9,cloudy
2012-02-13,18.2,16.4,12.5,2.4,rain
2012-02-14,5.2,17.0,13.2,1.0,cloudy
2012-02-15,13.3,22.4,9.1,1.8,rain
2012-02-16,6.2,21.0,18.7,8.0,cloudy
2012-02-17,10.4,23.2,7.4,6.8,rain
2012-02-18,10.9,27.9,4.5,5.5,rain
2012-02-19,3.7,29.4,-0.9,4.8,cloudy
2012-02-20,19.4,26.5,14.7,9.2,rain
2012-02-21,15.5,33.7,13.4,0.7,rain
2012-02-22,18.8,5.5,4.6,2.8,rain
2012-02-23,17.9,10.9,-4.4,3.5,rain
2012-02-24,12.0,5.2,16.0,7.8,rain
2012-02-25,18.4,24.4,-4.7,9.9,rain
2012-02-26,1.8,31.9,12.6,2.4,sunny
2012-02-27,3.9,12.3,19.3,8.7,fog
2012-02-28,0.9,32.8,5.9,8.3,sunny
2012-02-29,6.5,6.8,0.9,2.2,cloudy
2012-03-01,7.8,33.0,12.6,4.0,sunny
2012-03-02,5.4,15.5,15.4,4.1,cloudy
2012-03-03,16.6,8.0,8.7,9.8,rain
2012-03-04,7.1,19.6,19.2,1.8,cloudy
2012-03-05,5.6,12.7,-3.7,8.0,fog
2012-03-06,10.9,13.5,7.6,3.3,rain
2012-03-07,2.8,14.2,13.0,7.3,fog
2012-03-08,16.0,29.1,16.6,4.2,rain
2012-03-09,1.5,21.2,-0.5,5.8,cloudy
2012-03-10,19.7,14.3,15.0,8.3,rain
2012-03-11,15.4,23.3,8.8,8.0,rain
2012-03-12,4.0,26.5,4.9,8.7,cloudy
2012-03-13,0.1,13.2,-1.7,0.6,cloudy
2012-03-14,16.3,17.4,16.6,6.9,rain
2012-03-15,14.1,8.7,-1.1,1.4,rain
2012-03-16,14.6,10.4,2.7,4.2,rain
2012-03-17,15.4,25.4,2.3,5.5,rain
2012-03-18,1.5,10.4,16.8,4.0,cloudy
2012-03-19,7.2,20.8,11.8,5.2,cloudy
2012-03-20,2.3,26.3,14.9,10.0,cloudy
2012-03-21,17.3,8.2,1.3,1.4,rain
2012-03-22,12.5,22.0,10.6,6.8,rain
2012-03-23,6.6,12.7,9.3,4.0,cloudy
2012-03-24,1.3,33.9,15.8,1.3,sunny
2012-03-25,6.2,19.5,17.7,1.6,cloudy
2012-03-26,6.5,29.2,-4.7,9.5,cloudy
2012-03-27,14.6,21.5,11.9,8.8,rain
2012-03-28,12.8,6.3,-3.7,9.1,rain
2012-03-29,17.7,24.0,8.7,9.9,rain
2012-03-30,9.4,33.5,2.2,2.1,sunny
2012-03-31,2.4,23.0,2.7,3.6,cloudy
2012-04-01,14.3,29.6,3.8,6.7,rain
2012-04-02,15.2,31.5,10.5,4.8,rain
2012-04-03,11.2,11.8,3.4,4.2,rain
2012-04-04,15.4,11.4,13.3,3.6,rain
2012-04-05,9.9,23.3,5.1,5.9,cloudy
2012-04-06,10.5,17.3,-3.3,5.8,rain
2012-04-07,8.6,30.2,14.6,1.6,sunny
2012-04-08,0.5,32.0,2.1,4.7,sunny
2012-04-09,2.2,15.6,5.8,5.5,cloudy
2012-04-10,0.6,12.1,12.1,5.7,fog
2012-04-11,12.7,28.4,3.3,2.1,rain
2012-04-12,6.3,13.2,-3.6,7.4,fog
2012-04-13,10.2,29.7,4.3,0.3,rain
2012-04-14,18.2,17.7,18.6,3.5,rain
2012-04-15,5.0,25.0,11.0,7.8,cloudy
2012-04-16,8.2,7.9,11.8,5.6,fog
2012-04-17,15.1,23.7,10.8,2.6,rain
2012-04-18,4.6,18.6,-0.0,6.9,cloudy
2012-04-19,1.5,22.6,5.5,5.7,cloudy
2012-04-20,5.8,10.0,13.8,8.0,fog
2012-04-21,3.2,27.1,-2.5,7.4,cloudy
2012-04-22,18.6,30.9,1.9,6.1,rain
2012-04-23,16.2,11.5,1.9,4.9,rain
2012-04-24,12.7,7.9,5.8,1.3,rain
2012-04-25,17.4,5.7,19.5,2.6,rain
2012-04-26,16.1,24.3,-3.3,4.2,rain
2012-04-27,3.7,23.2,8.0,6.0,cloudy
2012-04-28,17.9,21.4,-0.5,5.1,rain
2012-04-29,10.8,12.0,19.3,2.9,rain
2012-04-30,16.1,16.7,-2.2,0.1,rain
2012-05-01,17.9,22.8,5.1,5.0,rain
2012-05-02,6.4,19.9,13.4,2.9,cloudy
2012-05-03,2.2,34.6,12.6,7.3,sunny
2012-05-04,4.6,9.1,5.6,0.2,cloudy
2012-05-05,8.5,25.9,3.7,5.8,cloudy
2012-05-06,16.4,17.1,4.9,9.4,rain
2012-05-07,17.2,17.8,1.6,1.7,rain
2012-05-08,0.1,26.5,0.1,4.7,cloudy
2012-05-09,10.2,25.8,7.1,0.9,rain
2012-05-10,8.3,34.7,1.7,6.3,sunny
2012-05-11,4.4,8.9,2.2,5.5,fog
2012-05-12,2.4,8.1,11.4,4.1,cloudy
2012-05-13,6.8,26.7,19.2,5.2,cloudy
2012-05-14,18.9,22.4,10.1,9.0,rain
2012-05-15,6.5,13.2,-3.1,2.0,cloudy
2012-05-16,10.4,7.4,-3.1,0.2,rain
2012-05-17,14.1,7.6,18.8,8.6,rain
2012-05-18,7.3,31.8,2.4,5.8,sunny
2012-05-19,19.4,10.8,-2.7,8.9,rain
2012-05-20,19.2,14.7,10.0,6.0,rain
2012-05-21,5.0,11.8,10.6,8.1,fog
2012-05-22,9.9,15.6,11.2,4.3,cloudy
2012-05-23,6.0,7.1,1.7,7.5,fog
2012-05-24,5.7,20.6,-4.6,9.1,cloudy
2012-05-25,0.7,7.0,19.1,5.7,fog
2012-05-26,12.2,29.0,1.3,1.8,rain
2012-05-27,10.1,12.0,11.9,2.7,rain
2012-05-28,1.0,21.2,12.7,2.0,cloudy
2012-05-29,5.6,31.4,10.3,2.5,sunny
2012-05-30,18.2,24.5,2.8,3.1,rain
2012-05-31,4.8,21.0,1.8,5.6,cloudy
2012-06-01,2.9,14.7,9.9,5.9,fog
2012-06-02,9.8,15.0,16.7,4.3,cloudy
2012-06-03,19.7,25.1,18.7,6.2,rain
2012-06-04,4.8,34.8,-2.4,0.8,sunny
2012-06-05,13.4,24.9,-1.1,0.9,rain
2012-06-06,15.2,21.7,18.6,1.7,rain
2012-06-07,4.8,26.9,13.4,5.2,cloudy
2012-06-08,14.6,19.0,17.1,2.1,rain
2012-06-09,7.4,6.8,0.1,2.8,cloudy
2012-06-10,12.6,21.9,9.7,4.0,rain
2012-06-11,12.7,33.7,12.5,8.1,rain
2012-06-12,10.7,10.3,12.0,0.1,rain
2012-06-13,1.8,25.7,5.2,6.5,cloudy
2012-06-14,16.7,11.0,-4.6,6.7,rain
2012-06-15,6.4,21.1,9.6,8.0,cloudy
2012-06-16,3.7,7.9,1.3,9.3,fog
2012-06-17,0.8,18.5,6.3,0.2,cloudy
2012-06-18,11.8,27.7,18.9,1.5,rain
2012-06-19,13.6,15.4,5.0,8.9,rain
2012-06-20,0.3,24.9,16.0,4.6,cloudy
2012-06-21,10.2,28.9,-0.3,5.6,rain
2012-06-22,4.5,32.8,11.8,6.6,sunny
2012-06-23,12.9,12.0,19.4,6.8,rain
2012-06-24,3.5,17.0,-2.5,9.3,cloudy
2012-06-25,13.8,9.6,-4.8,10.0,rain
2012-06-26,7.7,34.8,5.8,7.2,sunny
2012-06-27,18.7,32.8,-2.7,2.9,rain
2012-06-28,2.8,21.2,13.7,8.8,cloudy
2012-06-29,6.8,30.3,17.9,0.5,sunny
2012-06-30,2.3,20.6,5.9,2.3,cloudy
2012-07-01,18.5,23.7,1.5,9.0,rain
2012-07-02,17.5,7.7,5.9,2.6,rain
2012-07-03,5.2,27.7,13.1,2.2,cloudy
2012-07-04,13.2,8.8,-4.8,1.4,rain
2012-07-05,16.3,29.8,9.7,8.6,rain
2012-07-06,11.1,28.5,10.3,5.0,rain
2012-07-07,10.6,26.3,10.9,6.7,rain
2012-07-08,4.8,6.1,1.1,2.4,cloudy
2012-07-09,1.9,14.1,12.9,7.6,fog
2012-07-10,17.9,12.9,-2.7,7.6,rain
2012-07-11,18.0,15.8,-0.0,3.1,rain
2012-07-12,12.7,7.6,16.9,4.1,rain
2012-07-13,6.8,33.1,13.5,2.1,sunny
2012-07-14,7.0,21.6,-4.7,9.8,cloudy
2012-07-15,14.5,14.2,1.2,6.5,rain
2012-07-16,17.9,16.9,0.4,9.3,rain
2012-07-17,17.7,18.4,1.8,3.0,rain
2012-07-18,15.6,23.0,1.2,7.8,rain
2012-07-19,12.8,20.5,-3.4,7.7,rain
2012-07-20,1.7,32.6,6.5,6.9,sunny
2012-07-21,3.2,19.9,13.3,9.7,cloudy
2012-07-22,18.0,34.8,10.2,3.9,rain
2012-07-23,12.1,30.5,11.8,1.3,rain
2012-07-24,0.2,11.3,-3.0,6.7,fog
2012-07-25,2.0,32.9,18.8,7.3,sunny
2012-07-26,13.3,8.5,16.0,5.8,rain
2012-07-27,0.1,29.5,15.1,2.1,cloudy
2012-07-28,3.2,16.4,15.6,5.0,cloudy
2012-07-29,11.0,31.3,18.3,3.1,rain
2012-07-30,13.8,31.0,8.6,4.3,rain
2012-07-31,13.0,29.2,0.0,6.5,rain
2012-08-01,4.5,28.7,10.4,7.5,cloudy
2012-08-02,14.2,14.1,13.6,2.3,rain
2012-08-03,4.7,7.4,13.4,4.1,cloudy
2012-08-04,6.5,17.1,8.0,2.7,cloudy
2012-08-05,14.9,10.2,-3.3,2.0,rain
2012-08-06,13.0,25.8,4.3,7.8,rain
2012-08-07,17.0,15.4,18.0,9.1,rain
2012-08-08,13.2,34.3,9.6,3.7,rain
2012-08-09,11.4,24.2,8.5,7.5,rain
2012-08-10,1.9,29.7,1.7,9.0,cloudy
2012-08-11,7.4,9.0,4.2,8.5,fog
2012-08-12,5.3,30.9,17.4,1.8,sunny
2012-08-13,4.9,32.7,11.7,9.6,sunny
2012-08-14,19.5,19.6,14.7,3.8,rain
2012-08-15,7.9,23.2,6.4,3.4,cloudy
2012-08-16,17.8,27.9,10.8,0.6,rain
2012-08-17,12.6,10.2,1.2,4.9,rain
2012-08-18,15.9,20.1,12.6,1.1,rain
2012-08-19,10.1,17.0,5.7,2.5,rain
2012-08-20,11.5,9.4,6.1,3.2,rain
2012-08-21,9.9,16.0,11.2,8.1,cloudy
2012-08-22,3.9,7.0,18.4,8.8,fog
2012-08-23,14.4,5.8,-3.4,3.0,rain
2012-08-24,5.6,9.1,15.6,8.6,fog
2012-08-25,0.5,33.9,2.3,8.6,sunny
2012-08-26,12.9,21.5,6.1,7.6,rain
2012-08-27,3.5,34.0,-4.5,1.5,sunny
2012-08-28,18.8,18.0,2.5,6.9,rain
2012-08-29,19.1,14.4,7.6,9.5,rain
2012-08-30,18.3,20.2,-3.6,6.8,rain
2012-08-31,7.4,18.2,7.3,3.3,cloudy
2012-09-01,0.3,8.2,18.2,5.0,cloudy
2012-09-02,18.6,24.2,-2.4,6.5,rain
2012-09-03,8.6,11.5,14.1,5.1,fog
2012-09-04,19.3,23.6,5.2,1.2,rain
2012-09-05,19.3,24.5,11.4,3.1,rain
2012-09-06,17.1,9.6,1.5,8.0,rain
2012-09-07,5.9,6.8,-1.0,8.6,fog
2012-09-08,7.7,28.4,-1.0,1.4,cloudy
2012-09-09,17.0,18.8,-3.2,9.5,rain
2012-09-10,6.3,6.7,-0.4,3.3,cloudy
2012-09-11,3.4,34.8,11.6,6.6,sunny
2012-09-12,11.1,6.7,17.0,7.5,rain
2012-09-13,18.7,25.9,15.4,8.1,rain
2012-09-14,13.9,34.5,12.1,9.5,rain
2012-09-15,11.4,12.2,-2.2,3.1,rain
2012-09-16,1.9,9.3,2.2,8.6,fog
2012-09-17,12.3,8.6,2.7,1.3,rain
2012-09-18,19.8,14.1,1.2,7.1,rain
2012-09-19,2.8,8.0,7.9,7.4,fog
2012-09-20,10.4,25.8,8.4,6.8,rain
2012-09-21,17.5,6.9,3.9,2.5,rain
2012-09-22,14.8,20.3,3.8,8.7,rain
2012-09-23,13.9,34.9,15.7,1.7,rain
2012-09-24,14.0,29.4,14.7,0.5,rain
2012-09-25,7.2,23.5,2.7,7.2,cloudy
2012-09-26,5.9,14.2,17.8,4.8,cloudy
2012-09-27,16.2,23.7,18.8,8.5,rain
2012-09-28,16.2,20.8,3.2,3.8,rain
2012-09-29,17.3,17.8,3.9,1.7,rain
2012-09-30,18.3,8.9,7.6,8.4,rain
2012-10-01,10.2,31.6,18.5,5.5,rain
2012-10-02,10.0,18.5,16.9,1.9,cloudy
2012-10-03,16.0,10.8,-2.4,7.2,rain
2012-10-04,13.0,16.0,4.8,5.1,rain
2012-10-05,14.0,17.4,8.8,6.0,rain
2012-10-06,15.9,29.8,7.6,4.6,rain
2012-10-07,17.8,27.0,-0.2,8.3,rain
2012-10-08,6.8,28.1,16.5,8.3,cloudy
2012-10-09,7.5,5.3,11.9,7.1,fog
2012-10-10,1.9,17.5,15.9,1.1,cloudy
2012-10-11,11.6,19.4,16.5,8.4,rain
2012-10-12,0.7,5.6,13.7,6.7,fog
2012-10-13,9.3,12.8,6.0,7.0,fog
2012-10-14,10.9,27.8,10.3,3.6,rain
2012-10-15,5.7,9.1,-1.0,8.8,fog
2012-10-16,11.8,21.1,11.8,7.3,rain
2012-10-17,0.6,11.5,-0.5,1.1,cloudy
2012-10-18,0.7,5.4,12.3,4.1,cloudy
2012-10-19,16.5,12.2,0.7,8.9,rain
2012-10-20,7.2,34.3,-2.1,0.5,sunny
2012-10-21,2.5,29.0,-0.9,9.6,cloudy
2012-10-22,10.4,33.8,-5.0,6.8,rain
2012-10-23,15.4,19.6,13.0,6.3,rain
2012-10-24,4.3,8.3,13.3,2.7,cloudy
2012-10-25,12.5,21.4,7.9,2.5,rain
2012-10-26,1.7,18.6,-1.0,9.4,cloudy
2012-10-27,1.0,30.3,-2.9,3.0,sunny
2012-10-28,10.6,7.9,-4.5,7.8,rain
2012-10-29,10.8,19.6,-0.9,3.9,rain
2012-10-30,12.7,9.5,17.3,1.4,rain
2012-10-31,14.5,14.7,1.0,0.1,rain
2012-11-01,19.5,27.1,3.9,5.4,rain
2012-11-02,10.3,19.3,-2.4,9.8,rain
2012-11-03,6.5,16.3,0.6,3.7,cloudy
2012-11-04,15.9,16.8,8.0,3.6,rain
2012-11-05,5.4,18.8,10.2,3.4,cloudy
2012-11-06,8.8,28.6,1.1,5.2,cloudy
2012-11-07,1.6,31.8,-3.6,4.4,sunny
2012-11-08,0.5,33.7,4.8,8.8,sunny
2012-11-09,19.3,28.6,0.9,5.1,rain
2012-11-10,16.7,14.5,0.5,5.1,rain
2012-11-11,13.9,25.6,19.0,1.4,rain
2012-11-12,8.2,18.1,10.4,9.8,cloudy
2012-11-13,3.5,12.6,8.9,2.5,cloudy
2012-11-14,3.1,30.2,5.4,0.7,sunny
2012-11-15,5.0,6.2,5.7,6.6,fog
2012-11-16,11.0,32.1,8.5,6.0,rain
2012-11-17,14.3,18.8,12.4,4.2,rain
2012-11-18,13.2,24.1,12.6,4.2,rain
2012-11-19,5.6,24.8,-0.7,7.9,cloudy
2012-11-20,19.1,31.9,7.5,2.0,rain
2012-11-21,14.8,24.1,5.3,8.2,rain
2012-11-22,11.1,23.4,16.8,6.5,rain
2012-11-23,12.2,7.0,10.8,4.2,rain
2012-11-24,8.4,20.6,8.3,4.6,cloudy
2012-11-25,5.0,9.5,-2.1,2.6,cloudy
2012-11-26,7.1,27.1,10.1,7.5,cloudy
2012-11-27,15.2,20.4,-2.1,5.1,rain
2012-11-28,0.3,25.4,3.4,3.2,cloudy
2012-11-29,2.3,6.3,-1.4,6.0,fog
2012-11-30,0.9,7.5,12.3,10.0,fog
2012-12-01,0.8,26.5,0.2,4.4,cloudy
2012-12-02,17.1,7.2,4.8,9.2,rain
2012-12-03,14.1,7.1,17.4,3.5,rain
2012-12-04,9.5,5.4,0.1,0.5,cloudy
2012-12-05,2.0,33.7,7.7,2.0,sunny
2012-12-06,9.8,27.1,5.5,4.2,cloudy
2012-12-07,9.5,15.6,-4.5,2.2,cloudy
2012-12-08,3.5,13.9,14.8,0.0,cloudy
2012-12-09,8.7,15.5,-3.3,9.2,cloudy
2012-12-10,8.0,28.2,6.9,8.4,cloudy
2012-12-11,12.3,24.8,9.0,7.4,rain
2012-12-12,12.7,10.6,10.7,1.7,rain
2012-12-13,0.9,10.2,12.2,1.2,cloudy
2012-12-14,7.5,8.0,1.3,0.7,cloudy
2012-12-15,12.5,24.8,-4.8,7.2,rain
2012-12-16,10.1,27.9,13.1,9.3,rain
2012-12-17,17.1,13.0,8.4,4.3,rain
2012-12-18,13.2,5.6,15.9,1.2,rain
2012-12-19,3.3,7.5,15.5,5.1,fog
2012-12-20,1.4,34.0,16.1,3.5,sunny
2012-12-21,12.8,13.9,7.1,3.7,rain
2012-12-22,0.5,28.1,3.3,6.2,cloudy
2012-12-23,11.7,23.7,14.8,7.2,rain
2012-12-24,18.8,16.5,6.3,1.1,rain
2012-12-25,11.5,11.2,-0.4,0.4,rain
2012-12-26,7.8,8.6,16.4,9.9,fog
2012-12-27,12.9,23.5,17.1,2.3,rain
2012-12-28,9.2,28.2,6.7,0.5,cloudy
2012-12-29,10.9,24.3,-3.1,1.9,rain
2012-12-30,18.8,20.9,4.7,0.4,rain
2012-12-31,7.7,6.3,15.1,3.9,cloudy
2013-01-01,19.2,34.1,17.5,8.0,rain
2013-01-02,18.1,29.0,0.1,3.4,rain
2013-01-03,3.9,13.8,-3.3,4.4,cloudy
2013-01-04,1.4,34.4,16.9,6.8,sunny
2013-01-05,2.0,23.1,4.7,5.1,cloudy
2013-01-06,0.4,22.5,8.5,8.6,cloudy
2013-01-07,1.9,27.4,19.2,8.7,cloudy
2013-01-08,13.7,29.4,-3.3,0.1,rain
2013-01-09,1.4,24.7,11.2,7.8,cloudy
2013-01-10,6.4,8.8,-3.1,4.6,cloudy
2013-01-11,16.9,15.1,4.4,9.9,rain
2013-01-12,0.5,32.8,15.1,4.8,sunny
2013-01-13,16.3,11.7,5.8,9.9,rain
2013-01-14,5.6,16.2,19.9,7.5,cloudy
2013-01-15,2.4,18.0,9.0,2.5,cloudy
2013-01-16,13.9,18.2,3.0,5.4,rain
2013-01-17,12.6,23.4,0.5,9.9,rain
2013-01-18,17.5,33.3,3.8,8.6,rain
2013-01-19,14.7,12.2,4.3,1.0,rain
2013-01-20,16.1,8.6,-3.3,7.1,rain
2013-01-21,5.6,10.9,4.2,3.5,cloudy
2013-01-22,3.5,31.6,6.6,0.1,sunny
2013-01-23,15.0,24.4,13.1,4.0,rain
2013-01-24,16.1,13.6,11.4,2.3,rain
2013-01-25,19.8,29.5,12.7,8.2,rain
2013-01-26,8.3,30.8,-4.8,3.4,sunny
2013-01-27,7.4,30.4,0.4,8.3,sunny
2013-01-28,15.5,32.6,11.5,0.0,rain
2013-01-29,6.8,12.6,7.1,3.1,cloudy
2013-01-30,18.6,27.7,-4.9,2.4,rain
2013-01-31,17.2,18.8,15.1,2.3,rain
2013-02-01,8.6,30.3,14.3,0.7,sunny
2013-02-02,15.0,26.9,8.7,1.9,rain
2013-02-03,15.1,28.3,-3.3,5.6,rain
2013-02-04,2.1,24.7,14.2,2.9,cloudy
2013-02-05,18.1,10.3,9.6,4.2,rain
2013-02-06,10.1,21.4,14.5,3.8,rain
2013-02-07,16.5,34.5,13.8,8.8,rain
2013-02-08,6.4,33.1,15.1,9.1,sunny
2013-02-09,17.9,6.3,8.0,4.9,rain
2013-02-10,7.8,9.9,-1.5,3.3,cloudy
2013-02-11,0.2,9.0,11.8,1.1,cloudy
2013-02-12,18.1,26.8,10.5,9.5,rain
2013-02-13,1.8,29.5,13.6,0.6,cloudy
2013-02-14,6.4,11.4,-0.8,3.0,cloudy
2013-02-15,19.0,20.2,-0.1,3.0,rain
2013-02-16,19.0,30.2,17.3,3.2,rain
2013-02-17,11.5,27.0,13.7,1.6,rain
2013-02-18,12.6,21.3,17.7,7.8,rain
2013-02-19,9.0,22.7,14.0,1.2,cloudy
2013-02-20,5.9,20.3,9.9,6.3,cloudy
2013-02-21,6.6,13.9,11.4,1.2,cloudy
2013-02-22,13.5,22.0,17.2,0.7,rain
2013-02-23,15.0,25.7,9.5,9.1,rain
2013-02-24,15.8,31.2,10.8,1.9,rain
2013-02-25,15.8,24.1,-1.1,8.2,rain
2013-02-26,1.8,27.8,6.8,5.4,cloudy
2013-02-27,9.9,9.8,12.9,0.8,cloudy
2013-02-28,1.2,18.8,1.8,9.6,cloudy
2013-03-01,11.0,5.3,0.1,2.5,rain
2013-03-02,8.8,12.4,2.8,8.6,fog
2013-03-03,17.8,26.8,1.0,1.7,rain
2013-03-04,7.0,34.8,0.4,8.5,sunny
2013-03-05,2.3,8.0,5.6,0.1,cloudy
2013-03-06,2.9,17.0,17.7,5.1,cloudy
2013-03-07,15.2,29.0,7.7,7.7,rain
2013-03-08,12.4,11.1,-0.3,9.3,rain
2013-03-09,2.0,21.7,-3.1,9.1,cloudy
2013-03-10,1.7,27.0,12.4,8.2,cloudy
2013-03-11,14.0,23.5,4.6,8.9,rain
2013-03-12,1.5,10.6,15.5,2.0,cloudy
2013-03-13,16.4,15.7,11.5,2.8,rain
2013-03-14,14.1,28.5,14.9,2.9,rain
2013-03-15,1.6,21.6,1.8,3.8,cloudy
2013-03-16,1.7,5.2,12.3,3.9,cloudy
2013-03-17,19.7,27.8,1.6,5.4,rain
2013-03-18,7.5,6.1,18.5,1.6,cloudy
2013-03-19,7.4,27.4,10.9,6.9,cloudy
2013-03-20,16.3,11.1,3.1,1.7,rain
2013-03-21,18.9,33.7,1.7,3.1,rain
2013-03-22,19.7,16.0,-0.2,5.0,rain
2013-03-23,15.1,14.8,12.4,8.0,rain
2013-03-24,7.5,9.5,0.5,7.4,fog
2013-03-25,1.7,14.2,9.9,6.5,fog
2013-03-26,15.5,31.3,1.6,1.6,rain
2013-03-27,11.2,34.9,11.5,5.5,rain
2013-03-28,8.5,16.0,15.4,0.9,cloudy
2013-03-29,18.1,18.5,14.5,3.8,rain
2013-03-30,2.2,26.7,14.0,4.1,cloudy
2013-03-31,9.9,31.6,-0.3,0.4,sunny
2013-04-01,0.2,22.8,-2.8,2.7,cloudy
2013-04-02,9.4,16.7,12.5,9.6,cloudy
2013-04-03,1.1,17.4,4.2,9.5,cloudy
2013-04-04,2.4,25.9,5.8,3.5,cloudy
2013-04-05,2.4,5.1,-4.2,0.4,cloudy
2013-04-06,13.0,23.6,1.5,1.8,rain
2013-04-07,14.9,15.7,-4.2,3.9,rain
2013-04-08,11.7,28.8,17.0,9.5,rain
2013-04-09,19.2,7.8,1.1,1.4,rain
2013-04-10,7.5,22.6,8.9,7.6,cloudy
2013-04-11,5.7,19.4,-4.0,1.1,cloudy
2013-04-12,17.4,24.3,11.7,9.8,rain
2013-04-13,4.5,6.9,3.1,3.8,cloudy
2013-04-14,19.3,22.4,17.4,7.8,rain
2013-04-15,0.2,21.8,17.2,3.4,cloudy
2013-04-16,19.4,21.8,3.1,6.3,rain
2013-04-17,0.9,23.1,17.5,1.9,cloudy
2013-04-18,17.8,25.3,19.9,1.5,rain
2013-04-19,10.6,29.1,15.6,9.4,rain
2013-04-20,19.9,13.1,16.1,9.2,rain
2013-04-21,1.5,29.8,1.2,8.9,cloudy
2013-04-22,11.1,19.9,9.4,6.3,rain
2013-04-23,19.4,7.3,-3.3,8.1,rain
2013-04-24,10.5,6.8,-2.6,0.7,rain
2013-04-25,12.6,15.0,20.0,3.3,rain
2013-04-26,13.9,28.5,3.2,3.1,rain
2013-04-27,9.1,26.2,13.7,6.4,cloudy
2013-04-28,12.6,28.7,15.2,3.6,rain
2013-04-29,11.7,20.5,16.5,1.5,rain
2013-04-30,18.0,18.2,19.9,6.0,rain
2013-05-01,0.9,9.4,1.0,8.1,fog
2013-05-02,5.6,14.8,-4.0,3.8,cloudy
2013-05-03,19.0,18.0,5.3,1.3,rain
2013-05-04,17.8,7.7,-1.7,2.0,rain
2013-05-05,9.1,11.6,-4.4,2.4,cloudy
2013-05-06,12.4,22.9,4.0,3.0,rain
2013-05-07,5.5,27.1,14.6,6.4,cloudy
2013-05-08,3.8,35.0,9.2,6.0,sunny
2013-05-09,9.3,33.0,2.8,7.0,sunny
2013-05-10,7.1,24.3,11.4,3.6,cloudy
2013-05-11,11.7,17.6,0.8,8.2,rain
2013-05-12,1.6,24.1,-4.6,2.0,cloudy
2013-05-13,19.5,28.6,14.1,4.7,rain
2013-05-14,19.7,8.6,10.6,8.0,rain
2013-05-15,14.0,17.3,14.1,1.8,rain
2013-05-16,10.7,30.2,-4.0,1.1,rain
2013-05-17,6.2,16.5,15.9,8.8,cloudy
2013-05-18,16.3,22.2,10.5,3.4,rain
2013-05-19,13.7,22.6,9.1,6.8,rain
2013-05-20,3.3,10.5,10.6,0.3,cloudy
2013-05-21,18.2,15.9,16.6,6.9,rain
2013-05-22,16.5,15.0,9.7,3.2,rain
2013-05-23,19.0,5.8,9.5,0.6,rain
2013-05-24,14.5,5.7,19.8,6.1,rain
2013-05-25,12.3,30.0,13.9,2.4,rain
2013-05-26,8.4,13.2,6.1,3.9,cloudy
2013-05-27,18.7,20.5,12.7,0.8,rain
2013-05-28,17.3,14.0,4.7,1.5,rain
2013-05-29,0.9,33.2,0.7,3.0,sunny
2013-05-30,0.5,12.8,9.9,0.9,cloudy
2013-05-31,7.5,17.9,18.2,9.1,cloudy
2013-06-01,16.2,31.2,18.2,0.1,rain
2013-06-02,19.7,30.3,3.5,4.8,rain
2013-06-03,3.0,10.6,8.2,1.2,cloudy
2013-06-04,11.9,29.1,0.3,3.1,rain
2013-06-05,7.6,18.7,19.9,9.3,cloudy
2013-06-06,19.4,19.5,19.5,1.6,rain
2013-06-07,16.8,9.0,11.2,9.7,rain
2013-06-08,16.8,7.4,15.1,2.1,rain
2013-06-09,9.4,26.8,12.9,7.4,cloudy
2013-06-10,8.3,19.9,9.8,5.5,cloudy
2013-06-11,5.5,18.1,-3.7,8.8,cloudy
2013-06-12,1.1,26.9,6.4,5.5,cloudy
2013-06-13,17.3,28.0,11.9,5.3,rain
2013-06-14,16.3,9.8,11.9,2.0,rain
2013-06-15,20.0,23.3,4.3,1.7,rain
2013-06-16,19.9,9.1,18.5,9.2,rain
2013-06-17,11.1,27.5,-0.8,3.3,rain
2013-06-18,15.4,24.7,7.5,3.7,rain
2013-06-19,18.9,33.7,12.3,7.6,rain
2013-06-20,17.0,7.1,12.4,3.4,rain
2013-06-21,4.9,6.7,11.2,9.5,fog
2013-06-22,9.0,13.5,1.9,7.4,fog
2013-06-23,2.6,12.9,-1.1,6.0,fog
2013-06-24,19.1,12.4,10.9,8.8,rain
2013-06-25,12.1,32.2,10.0,0.5,rain
2013-06-26,4.6,12.5,-0.5,2.6,cloudy
2013-06-27,13.4,13.2,12.6,4.7,rain
2013-06-28,12.4,27.8,6.4,2.3,rain
2013-06-29,7.2,18.5,11.7,7.4,cloudy
2013-06-30,2.3,28.3,15.9,9.2,cloudy
2013-07-01,13.4,7.0,-0.8,4.2,rain
2013-07-02,10.4,19.6,-4.5,3.4,rain
2013-07-03,15.4,6.0,14.5,9.6,rain
2013-07-04,10.4,6.9,10.2,4.4,rain
2013-07-05,17.0,32.2,12.5,4.9,rain
2013-07-06,11.0,9.2,16.0,3.5,rain
2013-07-07,11.2,21.0,15.1,9.1,rain
2013-07-08,17.5,17.3,19.0,5.7,rain
2013-07-09,8.1,15.4,8.4,7.6,cloudy
2013-07-10,2.7,32.0,7.2,8.1,sunny
2013-07-11,0.6,5.7,5.0,3.4,cloudy
2013-07-12,15.1,24.9,-1.2,4.3,rain
2013-07-13,12.4,33.9,9.3,8.5,rain
2013-07-14,14.1,21.8,1.9,3.6,rain
2013-07-15,4.3,33.1,18.0,7.9,sunny
2013-07-16,2.7,6.6,9.6,9.4,fog
2013-07-17,0.3,17.6,9.8,6.2,cloudy
2013-07-18,7.0,12.8,3.9,7.4,fog
2013-07-19,11.8,26.9,-3.7,8.1,rain
2013-07-20,7.8,34.4,-4.2,8.5,sunny
2013-07-21,8.7,12.7,5.6,4.0,cloudy
2013-07-22,18.1,24.6,-2.9,0.5,rain
2013-07-23,7.0,10.9,10.2,4.0,cloudy
2013-07-24,10.3,22.0,17.0,6.7,rain
2013-07-25,15.7,18.9,17.1,4.5,rain
2013-07-26,7.9,34.2,11.5,7.5,sunny
2013-07-27,12.4,23.3,0.3,3.6,rain
2013-07-28,17.2,15.5,16.6,6.3,rain
2013-07-29,19.0,8.4,17.2,1.9,rain
2013-07-30,2.9,9.5,-0.1,7.5,fog
2013-07-31,18.5,11.8,13.4,5.5,rain
2013-08-01,9.8,12.5,2.2,2.0,cloudy
2013-08-02,5.2,30.5,15.1,2.9,sunny
2013-08-03,9.2,21.8,19.9,7.5,cloudy
2013-08-04,19.6,20.7,-4.2,4.8,rain
2013-08-05,9.9,8.4,17.4,2.2,cloudy
2013-08-06,6.6,30.8,10.6,9.7,sunny
2013-08-07,12.7,26.7,19.3,7.2,rain
2013-08-08,4.8,7.0,6.6,9.6,fog
2013-08-09,1.5,26.2,16.2,4.3,cloudy
2013-08-10,2.6,21.3,-3.4,4.8,cloudy
2013-08-11,2.6,7.5,3.4,9.0,fog
2013-08-12,3.0,18.7,-3.3,5.3,cloudy
2013-08-13,2.8,19.5,19.4,7.1,cloudy
2013-08-14,12.8,10.0,15.4,2.5,rain
2013-08-15,3.6,33.4,16.3,4.5,sunny
2013-08-16,6.9,30.5,18.4,1.2,sunny
2013-08-17,17.9,25.1,-2.9,2.1,rain
2013-08-18,9.5,18.9,4.6,0.0,cloudy
2013-08-19,13.4,17.4,-3.2,0.4,rain
2013-08-20,3.4,24.5,0.3,9.8,cloudy
2013-08-21,3.8,21.4,0.7,2.4,cloudy
2013-08-22,0.8,6.9,6.7,6.6,fog
2013-08-23,3.4,20.4,1.7,8.4,cloudy
2013-08-24,5.6,29.2,-2.5,5.5,cloudy
2013-08-25,3.5,18.8,-0.8,1.5,cloudy
2013-08-26,1.8,6.6,-1.3,7.3,fog
2013-08-27,2.4,28.6,19.3,6.0,cloudy
2013-08-28,9.2,11.0,14.0,7.3,fog
2013-08-29,4.1,12.8,19.2,7.7,fog
2013-08-30,7.3,9.9,6.0,9.8,fog
2013-08-31,10.1,14.9,2.0,5.7,rain
2013-09-01,13.8,27.7,15.0,3.4,rain
2013-09-02,0.8,20.6,3.2,6.5,cloudy
2013-09-03,16.0,11.1,2.5,0.7,rain
2013-09-04,12.6,31.3,0.8,9.0,rain
2013-09-05,1.6,31.4,-1.8,1.2,sunny
2013-09-06,17.5,31.1,1.4,3.3,rain
2013-09-07,18.4,12.2,3.9,8.2,rain
2013-09-08,1.2,18.5,11.8,6.0,cloudy
2013-09-09,5.5,34.5,-3.4,3.9,sunny
2013-09-10,16.1,28.2,0.3,4.7,rain
2013-09-11,15.0,5.8,15.2,8.5,rain
2013-09-12,3.7,7.0,-1.3,3.4,cloudy
2013-09-13,4.2,18.9,3.6,8.7,cloudy
2013-09-14,7.4,32.3,16.6,0.9,sunny
2013-09-15,9.7,21.2,-1.1,7.8,cloudy
2013-09-16,12.4,19.9,-2.9,8.5,rain
2013-09-17,7.4,8.2,7.1,1.8,cloudy
2013-09-18,9.3,24.7,2.6,4.3,cloudy
2013-09-19,14.9,29.7,9.1,1.7,rain
2013-09-20,0.7,16.4,15.1,7.1,cloudy
2013-09-21,5.0,28.3,-1.6,5.4,cloudy
2013-09-22,14.3,33.9,9.5,6.4,rain
2013-09-23,17.9,11.1,7.6,2.0,rain
2013-09-24,10.2,20.7,-1.4,2.1,rain
2013-09-25,10.6,13.6,10.6,0.4,rain
2013-09-26,2.1,28.8,1.8,3.2,cloudy
2013-09-27,8.9,22.3,7.2,5.6,cloudy
2013-09-28,10.7,24.0,-2.9,8.6,rain
2013-09-29,4.8,28.9,6.5,6.7,cloudy
2013-09-30,5.4,16.9,2.7,4.4,cloudy
2013-10-01,7.5,32.5,15.6,9.5,sunny
2013-10-02,0.4,21.0,-3.6,7.2,cloudy
2013-10-03,6.4,9.7,5.5,9.3,fog
2013-10-04,4.2,25.9,6.5,5.3,cloudy
2013-10-05,6.5,28.8,13.1,2.6,cloudy
2013-10-06,2.4,14.5,9.4,0.5,cloudy
2013-10-07,17.8,30.7,11.7,7.3,rain
2013-10-08,11.9,32.2,14.4,1.2,rain
2013-10-09,13.6,13.3,16.6,3.0,rain
2013-10-10,15.8,34.5,2.8,5.3,rain
2013-10-11,10.0,9.2,8.5,5.6,fog
2013-10-12,1.7,11.1,16.0,6.0,fog
2013-10-13,10.7,10.5,19.7,1.7,rain
2013-10-14,11.7,31.8,17.2,3.8,rain
2013-10-15,14.9,24.6,4.3,6.2,rain
2013-10-16,8.6,9.6,-0.1,9.7,fog
2013-10-17,2.6,18.2,7.2,7.3,cloudy
2013-10-18,5.7,23.5,13.5,9.2,cloudy
2013-10-19,7.3,7.5,7.3,7.6,fog
2013-10-20,12.9,31.5,7.1,5.9,rain
2013-10-21,11.4,29.1,16.0,1.9,rain
2013-10-22,7.1,20.2,4.0,6.7,cloudy
2013-10-23,19.7,34.0,16.5,6.2,rain
2013-10-24,12.1,17.5,5.2,6.0,rain
2013-10-25,4.7,34.5,3.2,4.9,sunny
2013-10-26,2.0,25.0,6.3,5.3,cloudy
2013-10-27,3.1,24.0,14.1,3.3,cloudy
2013-10-28,4.9,10.0,-1.8,5.2,fog
2013-10-29,3.2,31.5,-0.1,2.0,sunny
2013-10-30,3.7,17.8,18.8,8.1,cloudy
2013-10-31,5.7,9.9,-0.6,1.9,cloudy
2013-11-01,3.5,5.4,9.2,0.8,cloudy
2013-11-02,17.9,21.8,9.5,4.4,rain
2013-11-03,1.6,20.8,7.2,6.6,cloudy
2013-11-04,10.5,26.6,11.1,4.4,rain
2013-11-05,8.2,31.7,0.7,2.8,sunny
2013-11-06,19.6,7.4,8.8,5.6,rain
2013-11-07,2.2,26.9,4.3,3.5,cloudy
2013-11-08,8.0,10.6,11.5,9.3,fog
2013-11-09,19.4,30.7,-1.5,9.2,rain
2013-11-10,17.3,29.6,9.3,5.0,rain
2013-11-11,16.3,21.2,-0.4,3.3,rain
2013-11-12,5.2,26.3,2.0,7.4,cloudy
2013-11-13,3.4,14.4,0.5,0.4,cloudy
2013-11-14,13.4,19.1,-0.4,4.7,rain
2013-11-15,18.6,29.6,15.6,3.4,rain
2013-11-16,11.1,18.8,2.1,9.2,rain
2013-11-17,11.4,15.7,18.2,0.1,rain
2013-11-18,5.6,19.8,19.2,5.5,cloudy
2013-11-19,15.4,29.8,9.3,7.4,rain
2013-11-20,3.7,15.1,-1.4,4.9,cloudy
2013-11-21,6.5,10.2,4.4,0.9,cloudy
2013-11-22,8.5,26.4,14.9,9.7,cloudy
2013-11-23,10.2,29.8,4.2,5.2,rain
2013-11-24,4.8,8.0,-2.8,6.1,fog
2013-11-25,2.3,12.2,8.9,2.4,cloudy
2013-11-26,12.2,9.3,16.1,4.8,rain
2013-11-27,5.8,15.4,14.9,4.3,cloudy
2013-11-28,11.6,18.5,-0.6,0.7,rain
2013-11-29,3.1,27.5,11.8,1.1,cloudy
2013-11-30,9.6,24.5,0.5,8.4,cloudy
2013-12-01,10.7,23.6,0.5,2.4,rain
2013-12-02,1.0,15.6,16.9,1.9,cloudy
2013-12-03,6.7,30.2,1.2,5.0,sunny
2013-12-04,2.7,19.1,1.6,7.7,cloudy
2013-12-05,1.3,34.4,-5.0,0.6,sunny
2013-12-06,19.8,24.0,16.8,5.8,rain
2013-12-07,6.4,8.8,14.8,1.2,cloudy
2013-12-08,16.2,25.3,10.7,0.4,rain
2013-12-09,5.1,14.8,13.8,0.5,cloudy
2013-12-10,13.6,25.6,-1.2,8.3,rain
2013-12-11,15.2,7.1,6.5,1.2,rain
2013-12-12,11.9,10.2,3.8,0.5,rain
2013-12-13,9.4,30.7,-2.7,4.4,sunny
2013-12-14,8.2,11.8,7.2,8.4,fog
2013-12-15,7.0,30.1,18.0,2.6,sunny
2013-12-16,18.6,13.4,-4.0,4.2,rain
2013-12-17,16.6,24.3,2.3,0.4,rain
2013-12-18,19.3,25.8,0.2,4.5,rain
2013-12-19,2.5,20.4,1.0,5.8,cloudy
2013-12-20,14.6,14.2,17.7,5.7,rain
2013-12-21,18.8,11.4,6.7,3.3,rain
2013-12-22,3.6,6.0,6.7,3.2,cloudy
2013-12-23,1.3,14.1,14.0,1.1,cloudy
2013-12-24,14.8,24.6,-1.1,3.7,rain
2013-12-25,11.5,33.1,7.2,1.0,rain
2013-12-26,16.8,31.1,5.7,7.7,rain
2013-12-27,2.8,28.0,9.9,9.7,cloudy
2013-12-28,15.9,28.7,20.0,9.7,rain
2013-12-29,4.0,24.9,14.2,8.7,cloudy
2013-12-30,3.3,12.8,4.9,6.0,fog
2013-12-31,3.3,32.2,15.7,7.0,sunny
2014-01-01,16.3,25.1,-0.7,2.9,rain
2014-01-02,13.3,21.8,-4.2,6.3,rain
2014-01-03,10.5,8.3,0.1,4.6,rain
2014-01-04,7.2,18.4,3.5,4.8,cloudy
2014-01-05,17.5,18.8,7.8,7.6,rain
2014-01-06,7.8,30.9,10.4,2.8,sunny
2014-01-07,16.3,21.4,17.8,3.2,rain
2014-01-08,8.8,16.4,7.7,9.2,cloudy
2014-01-09,7.5,34.3,7.5,0.6,sunny
2014-01-10,9.3,8.3,-3.7,4.9,cloudy
2014-01-11,6.0,17.7,-4.1,9.1,cloudy
2014-01-12,15.0,6.3,8.8,6.1,rain
2014-01-13,10.1,27.2,6.0,5.5,rain
2014-01-14,4.6,32.5,16.0,2.5,sunny
2014-01-15,18.0,13.4,-1.0,3.4,rain
2014-01-16,7.7,30.8,-4.4,8.5,sunny
2014-01-17,10.9,13.8,6.2,5.6,rain
2014-01-18,18.1,32.3,0.9,5.1,rain
2014-01-19,12.5,27.6,-3.8,1.0,rain
2014-01-20,2.3,29.1,13.1,0.2,cloudy
2014-01-21,18.8,5.5,-2.2,9.6,rain
2014-01-22,12.6,33.9,10.2,3.8,rain
2014-01-23,6.7,26.8,2.0,6.0,cloudy
2014-01-24,2.8,14.1,-0.7,0.8,cloudy
2014-01-25,15.9,29.9,4.5,6.8,rain
2014-01-26,12.4,13.4,15.0,9.3,rain
2014-01-27,10.7,31.2,4.8,5.8,rain
2014-01-28,17.9,8.4,13.8,1.3,rain
2014-01-29,15.8,26.1,-1.9,5.8,rain
2014-01-30,3.0,21.2,14.3,7.7,cloudy
2014-01-31,6.2,7.9,0.9,4.1,cloudy
2014-02-01,5.0,12.3,11.9,8.8,fog
2014-02-02,14.9,5.4,9.1,6.5,rain
2014-02-03,0.7,19.1,18.2,9.0,cloudy
2014-02-04,11.4,14.0,4.7,6.2,rain
2014-02-05,15.2,23.0,-3.3,1.3,rain
2014-02-06,17.5,13.9,-4.5,3.1,rain
2014-02-07,6.8,14.0,15.7,2.0,cloudy
2014-02-08,16.4,27.3,8.1,9.1,rain
2014-02-09,2.2,6.4,14.4,7.6,fog
2014-02-10,16.9,32.1,0.9,6.8,rain
2014-02-11,2.5,30.6,3.6,3.0,sunny
2014-02-12,7.9,25.0,-4.2,1.8,cloudy
2014-02-13,15.9,22.8,19.0,7.6,rain
2014-02-14,3.0,31.8,11.7,4.7,sunny
2014-02-15,4.6,10.6,18.3,2.3,cloudy
2014-02-16,14.4,7.4,1.6,6.2,rain
2014-02-17,14.4,12.2,10.3,0.4,rain
2014-02-18,12.8,28.8,12.0,3.3,rain
2014-02-19,13.9,6.0,2.9,4.7,rain
2014-02-20,10.9,22.5,16.2,1.5,rain
2014-02-21,5.0,34.9,18.7,9.8,sunny
2014-02-22,6.9,30.7,17.1,2.1,sunny
2014-02-23,3.6,20.6,13.5,1.3,cloudy
2014-02-24,18.2,6.9,1.9,2.0,rain
2014-02-25,11.7,29.9,2.0,7.7,rain
2014-02-26,8.0,23.0,19.1,4.3,cloudy
2014-02-27,9.2,8.4,-4.7,5.7,fog
2014-02-28,18.9,7.8,12.9,0.2,rain
2014-03-01,3.1,32.3,12.7,0.3,sunny
2014-03-02,11.7,25.1,10.6,4.5,rain
2014-03-03,10.1,29.9,19.8,8.2,rain
2014-03-04,12.2,31.4,2.8,8.9,rain
2014-03-05,0.4,22.2,3.5,0.9,cloudy
2014-03-06,17.4,20.5,-3.0,5.4,rain
2014-03-07,18.6,17.9,6.1,9.1,rain
2014-03-08,11.3,14.5,1.5,3.9,rain
2014-03-09,13.9,18.0,3.6,8.3,rain
2014-03-10,18.4,28.2,15.9,1.3,rain
2014-03-11,14.1,23.1,18.4,9.4,rain
2014-03-12,3.1,31.8,-0.4,7.5,sunny
2014-03-13,11.5,18.3,4.3,9.4,rain
2014-03-14,12.1,23.2,18.2,6.8,rain
2014-03-15,8.5,23.9,-3.5,3.6,cloudy
2014-03-16,14.7,22.8,-2.7,9.4,rain
2014-03-17,18.7,26.1,-0.9,2.8,rain
2014-03-18,18.5,12.1,9.9,3.3,rain
2014-03-19,9.0,20.4,-1.2,7.0,cloudy
2014-03-20,2.3,8.1,19.2,7.7,fog
2014-03-21,19.7,16.5,6.2,9.3,rain
2014-03-22,16.8,19.6,7.5,2.0,rain
2014-03-23,2.5,24.6,1.2,8.0,cloudy
2014-03-24,18.4,33.5,6.8,7.4,rain
2014-03-25,17.4,23.0,11.5,0.6,rain
2014-03-26,10.4,27.3,13.8,3.9,rain
2014-03-27,11.8,20.2,13.8,2.8,rain
2014-03-28,8.0,24.0,9.4,3.0,cloudy
2014-03-29,1.1,7.1,17.6,9.8,fog
2014-03-30,6.7,12.6,15.4,6.4,fog
2014-03-31,16.1,15.9,13.9,7.2,rain
2014-04-01,0.1,19.2,-3.6,9.8,cloudy
2014-04-02,6.7,6.4,-4.8,3.8,cloudy
2014-04-03,8.0,9.2,0.3,8.0,fog
2014-04-04,10.7,13.3,11.6,4.3,rain
2014-04-05,18.4,34.1,5.3,8.7,rain
2014-04-06,6.9,14.9,5.1,1.8,cloudy
2014-04-07,6.9,19.5,17.1,9.5,cloudy
2014-04-08,14.8,10.9,17.4,2.2,rain
2014-04-09,9.0,23.3,17.7,3.3,cloudy
2014-04-10,4.5,13.4,2.8,7.6,fog
2014-04-11,9.0,11.2,12.3,3.9,cloudy
2014-04-12,2.8,20.5,1.8,6.1,cloudy
2014-04-13,3.5,5.2,-0.2,4.4,cloudy
2014-04-14,10.0,5.2,-0.4,7.4,fog
2014-04-15,8.4,11.6,3.6,2.3,cloudy
2014-04-16,18.3,6.1,5.7,0.6,rain
2014-04-17,7.2,8.2,15.8,3.0,cloudy
2014-04-18,11.6,15.2,-2.0,4.7,rain
2014-04-19,12.6,29.1,13.4,1.7,rain
2014-04-20,0.3,22.2,8.3,3.5,cloudy
2014-04-21,13.3,20.4,2.2,4.0,rain
2014-04-22,3.6,13.8,7.3,0.6,cloudy
2014-04-23,19.2,33.0,2.5,5.8,rain
2014-04-24,3.0,16.9,9.9,8.8,cloudy
2014-04-25,8.3,7.6,5.8,1.5,cloudy
2014-04-26,1.7,23.5,-0.9,6.0,cloudy
2014-04-27,19.9,8.4,-2.1,6.6,rain
2014-04-28,10.0,15.4,8.7,4.2,cloudy
2014-04-29,11.9,20.2,17.6,7.0,rain
2014-04-30,1.3,31.2,3.6,4.1,sunny
2014-05-01,15.0,19.8,13.3,5.0,rain
2014-05-02,4.2,26.1,11.5,0.1,cloudy
2014-05-03,18.0,34.8,18.3,6.9,rain
2014-05-04,4.1,8.9,15.5,6.6,fog
2014-05-05,3.8,13.2,9.2,0.4,cloudy
2014-05-06,0.7,16.8,11.4,3.7,cloudy
2014-05-07,9.4,17.7,17.5,9.8,cloudy
2014-05-08,11.3,17.3,5.0,4.2,rain
2014-05-09,1.3,32.2,3.2,5.0,sunny
2014-05-10,15.5,26.4,-4.7,9.1,rain
2014-05-11,9.1,23.2,15.7,7.2,cloudy
2014-05-12,10.5,14.3,15.0,5.8,rain
2014-05-13,8.8,29.7,-2.4,8.0,cloudy
2014-05-14,8.0,33.7,9.4,8.6,sunny
2014-05-15,11.2,29.6,6.6,4.6,rain
2014-05-16,3.1,5.0,-2.0,4.8,cloudy
2014-05-17,3.6,24.1,19.5,3.9,cloudy
2014-05-18,17.2,6.5,0.4,9.7,rain
2014-05-19,18.9,12.7,-3.3,7.0,rain
2014-05-20,7.5,6.8,9.9,0.8,cloudy
2014-05-21,5.4,23.1,13.5,8.6,cloudy
2014-05-22,12.9,25.6,-4.2,4.8,rain
2014-05-23,8.2,8.4,11.5,0.7,cloudy
2014-05-24,0.5,16.5,8.3,5.5,cloudy
2014-05-25,3.1,18.7,-2.4,4.2,cloudy
2014-05-26,14.3,16.1,-0.7,8.8,rain
2014-05-27,13.2,8.6,9.2,2.0,rain
2014-05-28,0.5,17.6,2.4,8.3,cloudy
2014-05-29,4.4,27.5,18.5,5.6,cloudy
2014-05-30,4.6,7.1,15.5,0.5,cloudy
2014-05-31,13.4,7.4,19.6,9.7,rain
2014-06-01,0.4,15.6,1.5,5.1,cloudy
2014-06-02,2.1,33.3,19.2,2.9,sunny
2014-06-03,16.0,25.1,5.8,4.7,rain
2014-06-04,3.6,25.4,3.7,8.6,cloudy
2014-06-05,13.1,15.9,-3.7,3.0,rain
2014-06-06,4.8,22.8,-3.7,1.9,cloudy
2014-06-07,2.0,5.3,12.3,1.3,cloudy
2014-06-08,4.9,24.1,6.4,3.0,cloudy
2014-06-09,14.4,32.4,0.7,7.8,rain
2014-06-10,17.1,23.4,10.3,4.7,rain
2014-06-11,16.6,31.2,1.3,2.3,rain
2014-06-12,7.9,26.7,9.4,1.7,cloudy
2014-06-13,13.4,8.6,4.0,3.3,rain
2014-06-14,4.1,32.1,15.6,9.4,sunny
2014-06-15,5.9,7.0,15.5,3.4,cloudy
2014-06-16,17.9,21.0,6.9,9.9,rain
2014-06-17,0.3,9.3,3.8,4.9,cloudy
2014-06-18,1.7,5.4,4.1,1.8,cloudy
2014-06-19,4.2,17.7,15.1,8.9,cloudy
2014-06-20,0.5,13.9,3.2,4.6,cloudy
2014-06-21,3.6,19.6,0.2,7.1,cloudy
2014-06-22,11.7,22.3,-2.9,9.8,rain
2014-06-23,8.4,6.3,6.7,0.5,cloudy
2014-06-24,17.9,8.7,7.1,1.0,rain
2014-06-25,16.3,21.8,16.0,7.2,rain
2014-06-26,6.8,15.3,0.5,2.8,cloudy
2014-06-27,5.2,26.9,4.5,1.8,cloudy
2014-06-28,7.6,24.6,15.2,0.4,cloudy
2014-06-29,11.8,30.4,15.6,0.2,rain
2014-06-30,5.4,25.8,4.6,7.7,cloudy
2014-07-01,12.5,17.9,6.5,1.3,rain
2014-07-02,8.2,25.2,2.6,4.7,cloudy
2014-07-03,11.0,13.3,18.3,6.1,rain
2014-07-04,8.7,14.2,-2.0,4.3,cloudy
2014-07-05,5.9,28.7,18.3,0.3,cloudy
2014-07-06,19.0,18.4,12.1,7.8,rain
2014-07-07,15.3,29.0,8.3,0.1,rain
2014-07-08,2.8,29.7,-4.2,7.6,cloudy
2014-07-09,17.4,30.7,6.9,8.9,rain
2014-07-10,9.7,32.5,5.2,4.3,sunny
2014-07-11,17.9,17.9,-1.0,5.4,rain
2014-07-12,16.0,14.6,11.4,4.8,rain
2014-07-13,8.5,22.5,19.3,3.9,cloudy
2014-07-14,0.4,16.1,9.1,8.9,cloudy
2014-07-15,5.4,23.0,12.9,8.9,cloudy
2014-07-16,10.8,26.2,-3.3,3.4,rain
2014-07-17,12.7,25.7,5.4,6.2,rain
2014-07-18,5.2,16.2,-2.1,9.3,cloudy
2014-07-19,2.8,10.0,10.3,9.6,fog
2014-07-20,16.7,17.9,18.5,5.1,rain
2014-07-21,19.7,9.3,11.5,4.5,rain
2014-07-22,10.5,31.7,-3.1,2.8,rain
2014-07-23,3.4,15.4,3.9,9.6,cloudy
2014-07-24,5.4,9.6,8.8,1.4,cloudy
2014-07-25,0.4,5.8,5.1,5.8,fog
2014-07-26,18.3,24.4,15.8,2.8,rain
2014-07-27,2.4,24.1,15.4,2.8,cloudy
2014-07-28,11.5,15.2,10.3,4.0,rain
2014-07-29,5.5,7.2,4.3,10.0,fog
2014-07-30,11.1,17.3,1.4,0.5,rain
2014-07-31,13.0,14.3,-2.4,5.8,rain
2014-08-01,16.6,25.3,3.9,0.8,rain
2014-08-02,4.1,23.2,5.3,1.5,cloudy
2014-08-03,0.2,15.9,11.9,4.4,cloudy
2014-08-04,2.7,11.5,11.5,5.1,fog
2014-08-05,18.0,34.6,-3.2,2.6,rain
2014-08-06,17.5,18.6,4.9,3.2,rain
2014-08-07,11.9,25.6,-0.5,0.9,rain
2014-08-08,12.0,9.2,-1.1,3.0,rain
2014-08-09,13.3,19.6,15.7,9.7,rain
2014-08-10,3.5,5.8,-4.0,9.4,fog
2014-08-11,18.3,20.2,5.5,3.3,rain
2014-08-12,8.4,33.9,-0.8,5.7,sunny
2014-08-13,7.7,16.5,17.0,9.1,cloudy
2014-08-14,10.4,6.2,8.9,0.1,rain
2014-08-15,0.9,5.9,0.8,8.1,fog
2014-08-16,3.3,16.6,7.6,9.5,cloudy
2014-08-17,14.8,9.8,13.3,0.9,rain
2014-08-18,1.7,5.7,19.0,1.6,cloudy
2014-08-19,12.1,27.7,0.5,9.6,rain
2014-08-20,4.9,18.8,17.2,5.4,cloudy
2014-08-21,7.8,13.7,18.4,0.1,cloudy
2014-08-22,5.8,32.0,17.9,2.6,sunny
2014-08-23,7.1,8.5,10.9,4.5,cloudy
2014-08-24,14.4,33.7,10.7,6.9,rain
2014-08-25,5.9,14.4,5.1,7.3,fog
2014-08-26,11.3,31.7,13.8,10.0,rain
2014-08-27,9.5,23.1,8.3,2.9,cloudy
2014-08-28,13.3,29.8,11.9,5.4,rain
2014-08-29,18.7,34.5,5.7,5.3,rain
2014-08-30,14.7,13.7,13.3,4.1,rain
2014-08-31,4.3,33.8,15.6,1.7,sunny
2014-09-01,0.6,16.7,-1.3,9.8,cloudy
2014-09-02,5.2,16.6,15.8,8.5,cloudy
2014-09-03,11.9,15.2,8.5,5.0,rain
2014-09-04,1.0,21.2,16.1,6.0,cloudy
2014-09-05,9.9,9.6,5.8,2.3,cloudy
2014-09-06,11.9,21.6,4.5,5.4,rain
2014-09-07,6.7,21.3,17.9,6.9,cloudy
2014-09-08,15.4,27.9,1.3,5.2,rain
2014-09-09,2.1,30.0,16.1,9.9,cloudy
2014-09-10,1.5,18.2,7.1,6.1,cloudy
2014-09-11,14.6,14.1,7.9,3.7,rain
2014-09-12,9.9,12.8,2.7,7.7,fog
2014-09-13,13.8,10.8,9.3,1.7,rain
2014-09-14,8.7,6.7,3.1,3.8,cloudy
2014-09-15,4.9,15.3,-4.0,3.5,cloudy
2014-09-16,16.4,13.1,1.8,4.3,rain
2014-09-17,16.0,34.0,-4.8,7.8,rain
2014-09-18,13.9,21.7,19.5,4.8,rain
2014-09-19,5.4,15.4,19.1,7.9,cloudy
2014-09-20,11.8,22.4,4.9,5.8,rain
2014-09-21,7.2,9.2,13.2,3.4,cloudy
2014-09-22,1.8,18.3,3.6,8.1,cloudy
2014-09-23,18.3,23.8,11.8,2.4,rain
2014-09-24,2.7,19.7,15.1,2.2,cloudy
2014-09-25,19.0,17.1,18.7,5.0,rain
2014-09-26,8.9,34.8,5.0,2.6,sunny
2014-09-27,3.7,31.4,14.6,0.1,sunny
2014-09-28,10.8,23.7,1.6,6.5,rain
2014-09-29,17.5,22.1,19.8,5.1,rain
2014-09-30,14.6,23.6,-4.4,4.5,rain
2014-10-01,16.1,11.0,10.1,9.7,rain
2014-10-02,13.2,16.9,11.5,5.7,rain
2014-10-03,13.8,6.2,12.2,8.6,rain
2014-10-04,17.0,19.3,-2.0,1.4,rain
2014-10-05,5.0,21.3,18.5,5.7,cloudy
2014-10-06,9.8,11.8,-0.5,8.7,fog
2014-10-07,4.4,33.9,10.6,5.8,sunny
2014-10-08,19.8,32.3,0.6,7.2,rain
2014-10-09,18.9,26.7,2.7,3.7,rain
2014-10-10,0.8,21.0,8.7,0.9,cloudy
2014-10-11,14.1,31.1,5.4,4.6,rain
2014-10-12,18.5,8.9,-1.0,3.9,rain
2014-10-13,3.6,28.7,-0.7,8.7,cloudy
2014-10-14,11.4,8.7,5.5,2.4,rain
2014-10-15,18.3,28.8,13.9,9.7,rain
2014-10-16,0.7,13.3,17.4,9.6,fog
2014-10-17,13.9,31.3,-2.9,2.5,rain
2014-10-18,5.9,33.3,4.8,3.5,sunny
2014-10-19,18.5,9.5,-2.5,9.0,rain
2014-10-20,19.4,18.9,-4.6,9.7,rain
2014-10-21,18.9,34.4,11.5,4.4,rain
2014-10-22,9.5,19.5,10.1,3.2,cloudy
2014-10-23,17.2,30.9,-0.9,5.3,rain
2014-10-24,16.9,22.7,0.8,6.9,rain
2014-10-25,6.4,16.3,-4.4,2.7,cloudy
2014-10-26,16.6,13.6,15.9,7.4,rain
2014-10-27,0.7,11.1,19.4,0.5,cloudy
2014-10-28,11.9,27.9,-1.6,0.5,rain
2014-10-29,4.6,16.6,0.8,3.9,cloudy
2014-10-30,2.4,20.3,16.7,3.5,cloudy
2014-10-31,1.5,19.8,18.2,3.2,cloudy
2014-11-01,13.9,22.3,5.5,4.9,rain
2014-11-02,6.8,31.0,-3.7,3.2,sunny
2014-11-03,14.5,34.4,-4.0,1.9,rain
2014-11-04,1.3,17.2,9.3,3.1,cloudy
2014-11-05,6.3,29.8,4.8,9.7,cloudy
2014-11-06,10.8,27.9,-4.3,4.1,rain
2014-11-07,15.8,22.2,9.6,4.4,rain
2014-11-08,6.4,33.7,-4.7,5.8,sunny
2014-11-09,12.5,11.0,14.7,9.8,rain
2014-11-10,17.7,8.3,2.7,2.4,rain
2014-11-11,12.3,30.6,-4.0,6.8,rain
2014-11-12,4.7,18.2,9.7,7.2,cloudy
2014-11-13,0.5,30.4,4.9,6.1,sunny
2014-11-14,17.4,31.8,19.3,0.9,rain
2014-11-15,0.4,6.9,8.6,6.8,fog
2014-11-16,17.5,31.5,1.9,0.6,rain
2014-11-17,10.6,18.4,12.7,6.0,rain
2014-11-18,18.8,20.3,1.8,7.4,rain
2014-11-19,16.0,23.8,17.6,2.1,rain
2014-11-20,20.0,32.8,4.4,8.4,rain
2014-11-21,7.0,5.6,8.7,0.3,cloudy
2014-11-22,15.3,19.3,-3.7,8.4,rain
2014-11-23,8.0,25.6,5.7,4.6,cloudy
2014-11-24,9.6,26.7,15.8,2.2,cloudy
2014-11-25,12.6,25.8,15.1,1.3,rain
2014-11-26,17.5,9.0,0.6,9.5,rain
2014-11-27,19.7,14.0,0.7,0.7,rain
2014-11-28,15.4,15.8,15.4,2.0,rain
2014-11-29,8.4,29.1,18.3,3.5,cloudy
2014-11-30,8.4,13.4,-2.6,6.2,fog
2014-12-01,14.8,11.3,6.3,5.4,rain
2014-12-02,4.8,33.7,3.4,1.3,sunny
2014-12-03,2.2,5.3,16.8,2.9,cloudy
2014-12-04,7.1,34.9,-2.9,2.4,sunny
2014-12-05,5.7,25.3,0.3,2.1,cloudy
2014-12-06,5.9,29.9,13.8,4.1,cloudy
2014-12-07,4.7,13.8,-3.7,7.0,fog
2014-12-08,0.8,5.4,7.3,2.2,cloudy
2014-12-09,0.4,27.1,6.1,3.7,cloudy
2014-12-10,19.8,30.0,3.4,3.9,rain
2014-12-11,8.6,27.2,4.9,9.8,cloudy
2014-12-12,7.7,9.3,8.2,9.5,fog
2014-12-13,13.6,27.6,-1.0,8.0,rain
2014-12-14,4.4,28.1,9.3,2.4,cloudy
2014-12-15,19.0,24.8,15.1,0.7,rain
2014-12-16,15.7,28.0,14.0,3.2,rain
2014-12-17,1.8,30.4,-1.2,2.7,sunny
2014-12-18,8.4,23.4,-1.3,5.1,cloudy
2014-12-19,17.6,7.7,1.7,7.8,rain
2014-12-20,18.9,19.6,4.0,8.6,rain
2014-12-21,9.3,7.3,5.2,8.4,fog
2014-12-22,12.3,17.2,12.0,3.6,rain
2014-12-23,3.3,17.2,-3.6,6.9,cloudy
2014-12-24,19.8,7.0,-4.1,3.1,rain
2014-12-25,4.6,15.5,4.8,0.6,cloudy
2014-12-26,18.9,8.3,12.4,7.0,rain
2014-12-27,13.0,29.2,-0.2,0.1,rain
2014-12-28,12.2,33.4,11.0,4.1,rain
2014-12-29,10.3,7.2,1.5,3.3,rain
2014-12-30,4.6,33.7,17.2,6.9,sunny
2014-12-31,3.5,20.7,17.4,7.7,cloudy
2015-01-01,4.4,14.0,2.4,3.0,cloudy
2015-01-02,3.7,7.3,0.7,8.1,fog
2015-01-03,15.6,20.0,5.3,2.9,rain
2015-01-04,7.0,28.8,1.0,4.5,cloudy
2015-01-05,1.2,26.2,11.8,7.3,cloudy
2015-01-06,19.4,6.5,15.7,6.9,rain
2015-01-07,17.7,7.2,11.8,9.9,rain
2015-01-08,18.6,17.1,15.6,2.3,rain
2015-01-09,19.9,13.9,4.9,6.6,rain
2015-01-10,3.5,12.0,-1.1,6.1,fog
2015-01-11,7.9,13.4,13.4,9.2,fog
2015-01-12,15.2,29.1,4.0,1.6,rain
2015-01-13,13.9,32.9,11.8,7.5,rain
2015-01-14,3.1,17.2,1.8,5.7,cloudy
2015-01-15,16.3,32.2,-3.0,2.7,rain
2015-01-16,4.5,14.6,19.8,4.7,cloudy
2015-01-17,4.5,19.3,-1.1,3.3,cloudy
2015-01-18,10.7,11.8,19.7,5.8,rain
2015-01-19,11.9,24.2,19.4,8.9,rain
2015-01-20,11.6,34.4,14.8,5.7,rain
2015-01-21,1.8,23.1,11.5,6.3,cloudy
2015-01-22,17.5,15.7,9.4,5.2,rain
2015-01-23,5.3,24.4,16.7,0.5,cloudy
2015-01-24,2.6,8.7,2.2,2.3,cloudy
2015-01-25,17.8,31.7,6.7,4.9,rain
2015-01-26,19.1,20.1,10.5,3.1,rain
2015-01-27,17.2,18.5,5.3,1.8,rain
2015-01-28,16.2,22.6,5.7,5.0,rain
2015-01-29,13.1,23.7,3.3,3.2,rain
2015-01-30,11.0,7.2,9.1,2.6,rain
2015-01-31,1.7,25.5,16.3,4.6,cloudy
2015-02-01,8.2,12.3,0.0,1.3,cloudy
2015-02-02,7.5,26.4,18.4,9.3,cloudy
2015-02-03,5.2,29.7,12.2,8.7,cloudy
2015-02-04,14.5,29.1,15.6,7.1,rain
2015-02-05,9.9,21.6,8.9,1.1,cloudy
2015-02-06,1.6,20.6,14.5,7.8,cloudy
2015-02-07,4.4,9.3,-4.6,8.1,fog
2015-02-08,13.7,28.3,15.5,7.7,rain
2015-02-09,1.5,13.1,-4.0,1.1,cloudy
2015-02-10,17.0,19.9,17.2,6.4,rain
2015-02-11,9.9,13.5,19.8,8.3,fog
2015-02-12,9.6,9.0,2.4,5.8,fog
2015-02-13,11.8,23.9,0.3,6.5,rain
2015-02-14,16.5,6.6,14.1,4.6,rain
2015-02-15,7.0,27.5,1.3,5.3,cloudy
2015-02-16,13.6,14.5,16.6,0.3,rain
2015-02-17,11.3,5.0,-2.4,6.4,rain
2015-02-18,5.3,20.3,-1.9,0.8,cloudy
2015-02-19,17.6,6.4,19.5,4.4,rain
2015-02-20,15.9,13.3,11.8,2.9,rain
2015-02-21,13.2,26.2,16.2,5.5,rain
2015-02-22,17.0,6.9,3.1,1.3,rain
2015-02-23,17.3,30.2,11.9,6.9,rain
2015-02-24,14.2,5.1,9.9,8.0,rain
2015-02-25,16.7,12.4,10.1,1.6,rain
2015-02-26,13.9,27.2,12.1,1.0,rain
2015-02-27,13.6,14.5,9.4,1.5,rain
2015-02-28,12.4,8.1,5.7,8.8,rain
2015-03-01,15.1,15.8,1.9,5.3,rain
2015-03-02,3.2,13.1,14.2,4.7,cloudy
2015-03-03,17.6,30.3,0.7,1.1,rain
2015-03-04,17.4,14.4,12.3,6.5,rain
2015-03-05,0.6,28.7,0.8,8.7,cloudy
2015-03-06,16.5,31.8,10.6,8.3,rain
2015-03-07,2.6,18.0,13.7,6.3,cloudy
2015-03-08,6.7,32.3,0.5,0.8,sunny
2015-03-09,14.9,16.3,-3.5,1.1,rain
2015-03-10,3.2,33.9,-1.7,0.5,sunny
2015-03-11,16.4,7.7,10.1,2.6,rain
2015-03-12,16.6,25.6,16.2,1.4,rain
2015-03-13,10.1,19.8,-3.9,2.6,rain
2015-03-14,0.1,16.6,13.4,3.9,cloudy
2015-03-15,5.7,24.0,3.5,9.4,cloudy
2015-03-16,12.3,26.1,7.0,6.1,rain
2015-03-17,19.6,5.1,18.2,8.3,rain
2015-03-18,12.6,10.0,3.3,7.1,rain
2015-03-19,5.2,26.4,6.6,1.1,cloudy
2015-03-20,12.7,25.0,-4.7,7.4,rain
2015-03-21,10.8,34.0,-3.0,2.8,rain
2015-03-22,15.6,27.8,1.5,6.4,rain
2015-03-23,2.1,33.5,-4.3,3.4,sunny
2015-03-24,15.2,26.1,10.8,10.0,rain
2015-03-25,10.8,13.9,5.7,2.6,rain
2015-03-26,19.3,8.2,8.7,2.8,rain
2015-03-27,6.8,28.5,-0.6,9.3,cloudy
2015-03-28,12.7,24.3,2.4,0.2,rain
2015-03-29,18.6,6.4,11.6,7.0,rain
2015-03-30,2.1,15.8,19.1,7.3,cloudy
2015-03-31,18.7,33.7,-3.7,8.4,rain
2015-04-01,13.8,20.0,17.3,9.7,rain
2015-04-02,1.4,18.0,9.4,9.8,cloudy
2015-04-03,6.0,18.7,9.1,0.7,cloudy
2015-04-04,14.2,11.3,7.5,8.2,rain
2015-04-05,1.3,16.1,-3.3,6.5,cloudy
2015-04-06,11.6,16.1,-2.8,6.5,rain
2015-04-07,6.9,6.6,10.0,1.3,cloudy
2015-04-08,12.4,28.0,3.5,6.5,rain
2015-04-09,0.9,17.5,17.9,9.8,cloudy
2015-04-10,17.4,29.7,5.2,9.1,rain
2015-04-11,19.5,30.5,-1.4,4.4,rain
2015-04-12,19.4,11.4,12.9,0.4,rain
2015-04-13,15.0,24.7,2.3,3.6,rain
2015-04-14,2.6,19.2,8.1,8.3,cloudy
2015-04-15,15.2,31.4,12.4,7.0,rain
2015-04-16,0.5,11.5,17.5,4.6,cloudy
2015-04-17,0.4,25.3,14.8,0.6,cloudy
2015-04-18,6.5,23.2,11.9,4.3,cloudy
2015-04-19,9.8,13.9,12.0,4.7,cloudy
2015-04-20,15.4,9.1,18.6,9.3,rain
2015-04-21,13.7,24.5,2.4,6.4,rain
2015-04-22,8.9,27.2,-5.0,3.1,cloudy
2015-04-23,5.5,14.5,1.8,5.3,fog
2015-04-24,19.9,24.3,0.4,0.7,rain
2015-04-25,8.5,16.9,11.5,9.7,cloudy
2015-04-26,9.0,26.4,10.8,3.6,cloudy
2015-04-27,3.3,11.0,9.8,4.8,cloudy
2015-04-28,15.9,31.7,-4.6,3.6,rain
2015-04-29,13.9,13.6,13.2,6.8,rain
2015-04-30,4.4,16.0,3.1,6.6,cloudy
2015-05-01,1.6,6.7,11.6,7.2,fog
2015-05-02,13.6,8.3,8.9,2.7,rain
2015-05-03,13.1,20.5,3.6,3.2,rain
2015-05-04,5.5,13.0,-1.6,1.3,cloudy
2015-05-05,19.0,30.1,-2.6,6.6,rain
2015-05-06,3.0,5.4,15.8,0.4,cloudy
2015-05-07,8.6,16.4,18.0,6.0,cloudy
2015-05-08,18.9,15.1,11.2,8.7,rain
2015-05-09,8.4,5.6,-2.4,8.9,fog
2015-05-10,12.8,8.7,5.1,4.5,rain
2015-05-11,8.0,17.4,13.2,4.6,cloudy
2015-05-12,5.5,19.8,14.5,0.8,cloudy
2015-05-13,19.7,17.1,-2.0,6.7,rain
2015-05-14,8.2,20.9,-5.0,8.2,cloudy
2015-05-15,17.9,22.9,12.8,2.4,rain
2015-05-16,4.6,5.3,3.9,4.2,cloudy
2015-05-17,4.3,18.9,1.4,8.4,cloudy
2015-05-18,0.6,33.9,-4.7,8.8,sunny
2015-05-19,13.0,20.6,8.5,2.4,rain
2015-05-20,7.4,25.3,16.3,5.5,cloudy
2015-05-21,17.3,14.4,18.9,1.9,rain
2015-05-22,9.5,28.2,9.1,1.0,cloudy
2015-05-23,19.4,28.2,7.9,9.1,rain
2015-05-24,3.7,20.6,-2.9,8.2,cloudy
2015-05-25,17.4,34.3,8.7,7.6,rain
2015-05-26,15.5,8.8,4.5,0.5,rain
2015-05-27,15.4,5.5,10.2,8.4,rain
2015-05-28,16.9,28.1,4.7,4.4,rain
2015-05-29,15.2,29.2,1.0,3.4,rain
2015-05-30,12.5,8.6,-2.6,5.5,rain
2015-05-31,2.6,13.0,2.9,0.9,cloudy
2015-06-01,0.7,5.5,-2.6,7.6,fog
2015-06-02,18.4,13.8,-0.6,5.8,rain
2015-06-03,12.3,28.2,19.7,1.9,rain
2015-06-04,15.9,20.5,6.1,1.9,rain
2015-06-05,9.6,15.4,8.3,1.8,cloudy
2015-06-06,2.3,16.2,16.8,0.6,cloudy
2015-06-07,2.5,5.0,19.9,5.9,fog
2015-06-08,13.7,14.0,9.6,8.4,rain
2015-06-09,8.6,24.4,15.3,0.2,cloudy
2015-06-10,4.0,34.2,3.2,0.5,sunny
2015-06-11,9.8,30.4,2.6,5.7,sunny
2015-06-12,1.3,5.7,5.1,8.2,fog
2015-06-13,11.6,32.0,11.8,3.3,rain
2015-06-14,5.4,28.5,12.1,3.5,cloudy
2015-06-15,16.0,28.4,2.9,6.0,rain
2015-06-16,6.2,18.7,-1.7,2.7,cloudy
2015-06-17,9.1,16.9,10.8,0.3,cloudy
2015-06-18,0.2,14.1,-1.8,7.4,fog
2015-06-19,1.4,7.0,9.5,6.3,fog
2015-06-20,7.8,11.8,12.3,5.8,fog
2015-06-21,9.6,12.4,12.5,7.4,fog
2015-06-22,12.0,19.5,13.8,6.8,rain
2015-06-23,5.8,27.4,16.8,2.1,cloudy
2015-06-24,13.9,19.2,7.5,3.5,rain
2015-06-25,17.2,6.7,13.3,1.3,rain
2015-06-26,15.6,33.7,10.5,1.3,rain
2015-06-27,0.8,33.3,-0.3,6.8,sunny
2015-06-28,9.6,28.6,-4.4,8.6,cloudy
2015-06-29,2.1,34.7,2.1,9.6,sunny
2015-06-30,4.8,21.3,6.1,6.3,cloudy
2015-07-01,19.7,33.9,10.4,1.8,rain
2015-07-02,2.8,7.3,16.2,1.1,cloudy
2015-07-03,10.0,16.0,-0.1,8.1,cloudy
2015-07-04,12.4,11.8,-1.9,5.8,rain
2015-07-05,14.0,10.9,19.1,6.2,rain
2015-07-06,11.2,9.2,-2.3,7.8,rain
2015-07-07,0.2,23.7,7.0,7.0,cloudy
2015-07-08,6.5,28.4,9.6,8.3,cloudy
2015-07-09,10.4,22.3,8.5,0.6,rain
2015-07-10,1.8,9.4,-2.8,7.5,fog
2015-07-11,7.0,29.3,-3.6,8.5,cloudy
2015-07-12,0.7,24.1,-2.4,2.9,cloudy
2015-07-13,1.6,16.6,9.6,6.4,cloudy
2015-07-14,7.9,25.2,8.6,3.1,cloudy
2015-07-15,2.7,12.8,0.8,9.6,fog
2015-07-16,11.4,15.4,10.9,0.3,rain
2015-07-17,13.8,32.5,15.5,5.8,rain
2015-07-18,16.0,13.7,-4.0,1.7,rain
2015-07-19,4.0,19.1,7.5,7.1,cloudy
2015-07-20,3.3,31.7,12.2,1.8,sunny
2015-07-21,2.1,26.2,1.3,2.4,cloudy
2015-07-22,12.7,6.9,2.7,4.9,rain
2015-07-23,14.1,9.4,10.3,9.1,rain
2015-07-24,0.6,5.2,17.4,2.1,cloudy
2015-07-25,18.7,23.9,15.2,1.4,rain
2015-07-26,1.0,18.4,9.6,7.6,cloudy
2015-07-27,10.8,9.0,13.3,5.0,rain
2015-07-28,14.2,33.7,4.1,9.1,rain
2015-07-29,17.4,20.9,11.0,1.5,rain
2015-07-30,14.3,12.3,6.7,6.5,rain
2015-07-31,16.0,20.0,-0.3,2.3,rain
2015-08-01,6.8,25.4,12.5,1.6,cloudy
2015-08-02,16.3,7.3,8.9,6.8,rain
2015-08-03,1.6,13.2,4.0,5.9,fog
2015-08-04,17.9,29.2,17.8,7.5,rain
2015-08-05,11.0,18.8,-4.5,3.1,rain
2015-08-06,16.3,21.4,2.9,4.5,rain
2015-08-07,9.0,18.0,-3.6,4.1,cloudy
2015-08-08,12.9,6.3,14.2,9.8,rain
2015-08-09,10.5,10.0,12.6,2.9,rain
2015-08-10,14.6,18.4,3.3,2.9,rain
2015-08-11,1.6,11.3,11.9,3.5,cloudy
2015-08-12,1.2,6.5,4.9,5.6,fog
2015-08-13,4.9,30.3,13.9,2.5,sunny
2015-08-14,3.2,34.4,6.4,9.2,sunny
2015-08-15,17.4,28.8,5.3,2.7,rain
2015-08-16,4.4,30.6,18.4,9.0,sunny
2015-08-17,19.5,12.3,1.3,1.0,rain
2015-08-18,6.7,33.8,-2.0,6.6,sunny
2015-08-19,3.6,10.9,9.6,9.1,fog
2015-08-20,15.8,33.5,19.2,1.7,rain
2015-08-21,13.2,34.8,4.4,9.7,rain
2015-08-22,10.0,26.4,-3.4,4.5,cloudy
2015-08-23,11.1,34.4,3.5,9.5,rain
2015-08-24,14.4,22.1,7.6,6.8,rain
2015-08-25,4.6,12.8,-1.0,3.0,cloudy
2015-08-26,19.9,18.1,11.5,1.9,rain
2015-08-27,19.5,22.8,19.9,3.0,rain
2015-08-28,13.0,7.2,6.3,0.9,rain
2015-08-29,4.0,23.7,3.9,1.4,cloudy
2015-08-30,13.6,34.4,5.0,1.0,rain
2015-08-31,1.4,10.7,-2.1,4.2,cloudy
2015-09-01,0.6,28.8,17.1,8.0,cloudy
2015-09-02,5.2,32.2,5.4,1.4,sunny
2015-09-03,9.3,33.3,4.7,1.3,sunny
2015-09-04,17.4,33.8,11.5,6.4,rain
2015-09-05,14.5,20.6,6.1,2.0,rain
2015-09-06,14.9,34.3,11.2,1.0,rain
2015-09-07,8.5,27.7,-3.5,1.7,cloudy
2015-09-08,6.9,9.9,15.3,9.2,fog
2015-09-09,7.4,19.3,18.5,8.2,cloudy
2015-09-10,19.8,26.5,11.2,3.5,rain
2015-09-11,0.8,12.4,18.9,6.6,fog
2015-09-12,17.3,24.2,-1.2,5.4,rain
2015-09-13,11.6,25.0,6.9,6.8,rain
2015-09-14,8.8,9.9,10.0,6.8,fog
2015-09-15,14.5,22.0,9.5,6.3,rain
2015-09-16,9.7,28.1,5.0,2.7,cloudy
2015-09-17,17.5,20.0,3.5,0.4,rain
2015-09-18,18.0,5.4,-1.8,4.6,rain
2015-09-19,8.4,5.3,4.8,8.9,fog
2015-09-20,5.5,15.7,-0.9,5.7,cloudy
2015-09-21,11.8,32.8,13.4,8.3,rain
2015-09-22,18.2,11.9,0.2,9.9,rain
2015-09-23,4.2,24.0,-3.5,1.6,cloudy
2015-09-24,12.5,11.7,8.8,6.9,rain
2015-09-25,12.6,14.7,9.9,6.7,rain
2015-09-26,14.7,30.4,16.8,9.8,rain
2015-09-27,2.6,26.9,9.4,9.9,cloudy
2015-09-28,14.3,7.9,3.6,6.9,rain
2015-09-29,18.2,17.9,15.1,2.4,rain
2015-09-30,3.6,5.9,8.5,8.0,fog
2015-10-01,4.8,19.4,-3.0,1.1,cloudy
2015-10-02,19.4,24.9,9.1,7.8,rain
2015-10-03,3.6,8.6,17.7,9.1,fog
2015-10-04,17.1,13.7,4.9,3.8,rain
2015-10-05,9.8,16.9,2.4,6.3,cloudy
2015-10-06,4.9,32.6,-1.4,4.3,sunny
2015-10-07,17.4,34.8,-1.2,4.4,rain
2015-10-08,8.9,6.3,5.8,3.1,cloudy
2015-10-09,10.3,27.8,9.9,7.6,rain
2015-10-10,7.2,16.2,-3.0,9.4,cloudy
2015-10-11,11.9,16.8,18.5,9.4,rain
2015-10-12,3.3,27.6,13.9,1.7,cloudy
2015-10-13,7.8,32.6,9.7,8.7,sunny
2015-10-14,19.4,33.5,15.7,7.4,rain
2015-10-15,5.2,22.3,-3.0,2.5,cloudy
2015-10-16,13.1,15.7,6.9,0.7,rain
2015-10-17,6.5,28.6,10.8,2.7,cloudy
2015-10-18,15.5,12.5,15.7,9.1,rain
2015-10-19,2.6,21.9,14.6,6.3,cloudy
2015-10-20,19.4,15.8,1.9,7.2,rain
2015-10-21,9.1,24.7,18.5,2.6,cloudy
2015-10-22,4.7,12.2,-1.9,7.2,fog
2015-10-23,1.5,10.7,16.9,0.3,cloudy
2015-10-24,3.4,32.5,19.3,3.8,sunny
2015-10-25,10.4,8.1,-0.6,6.3,rain
2015-10-26,6.7,20.2,13.1,1.5,cloudy
2015-10-27,16.6,11.6,-4.0,8.2,rain
2015-10-28,8.6,6.2,5.1,2.4,cloudy
2015-10-29,5.0,6.1,7.9,6.5,fog
2015-10-30,12.3,10.3,9.5,4.1,rain
2015-10-31,14.1,31.0,18.4,6.0,rain
2015-11-01,3.3,13.5,11.8,1.1,cloudy
2015-11-02,3.4,33.5,7.0,0.2,sunny
2015-11-03,0.7,22.4,15.2,9.1,cloudy
2015-11-04,14.7,18.1,18.8,2.7,rain
2015-11-05,13.3,22.4,-4.4,8.2,rain
2015-11-06,9.5,20.5,19.6,10.0,cloudy
2015-11-07,16.9,27.8,-2.8,2.1,rain
2015-11-08,16.1,13.5,15.4,2.7,rain
2015-11-09,11.7,15.6,2.0,6.6,rain
2015-11-10,17.4,31.8,-1.7,9.7,rain
2015-11-11,4.1,33.4,6.0,9.2,sunny
2015-11-12,2.2,31.8,11.1,5.0,sunny
2015-11-13,5.4,17.6,4.5,8.0,cloudy
2015-11-14,1.1,28.4,-3.6,1.4,cloudy
2015-11-15,10.6,19.3,10.0,9.8,rain
2015-11-16,18.7,19.9,17.6,9.6,rain
2015-11-17,0.8,11.1,4.6,1.6,cloudy
2015-11-18,2.4,22.7,0.4,3.0,cloudy
2015-11-19,9.0,10.6,6.1,1.0,cloudy
2015-11-20,18.7,14.9,-3.8,2.7,rain
2015-11-21,6.3,30.7,15.5,8.2,sunny
2015-11-22,10.1,11.2,15.7,3.8,rain
2015-11-23,0.8,7.1,9.7,0.9,cloudy
2015-11-24,3.0,7.1,3.8,3.4,cloudy
2015-11-25,19.7,33.2,15.0,9.8,rain
2015-11-26,19.3,20.2,8.9,6.3,rain
2015-11-27,0.1,17.3,15.6,4.2,cloudy
2015-11-28,19.0,29.3,10.8,1.7,rain
2015-11-29,12.8,30.1,14.6,9.9,rain
2015-11-30,17.4,15.0,10.0,8.2,rain
2015-12-01,9.1,25.8,5.4,2.8,cloudy
2015-12-02,10.3,28.1,18.9,0.7,rain
2015-12-03,9.8,24.6,8.5,0.6,cloudy
2015-12-04,13.3,9.5,10.1,1.2,rain
2015-12-05,2.8,31.3,0.5,5.8,sunny
2015-12-06,0.6,21.2,10.6,9.3,cloudy
2015-12-07,6.2,13.5,9.3,5.0,cloudy
2015-12-08,14.1,17.8,-0.4,8.4,rain
2015-12-09,4.0,6.1,-3.5,4.5,cloudy
2015-12-10,13.5,8.8,10.1,7.1,rain
2015-12-11,19.4,28.0,14.1,7.3,rain
2015-12-12,1.9,5.0,8.1,1.7,cloudy
2015-12-13,13.5,17.5,0.7,3.6,rain
2015-12-14,8.9,20.7,11.7,6.4,cloudy
2015-12-15,17.4,6.6,-3.0,0.7,rain
2015-12-16,3.5,34.2,6.0,3.6,sunny
2015-12-17,13.9,11.8,-0.9,5.3,rain
2015-12-18,16.8,14.1,-0.4,10.0,rain
2015-12-19,18.9,14.1,0.1,4.7,rain
2015-12-20,13.7,11.9,4.7,8.2,rain
2015-12-21,9.9,5.0,-3.7,4.3,cloudy
2015-12-22,12.4,26.9,4.9,8.0,rain
2015-12-23,17.4,34.0,7.8,6.0,rain
2015-12-24,11.4,11.7,7.1,8.9,rain
2015-12-25,0.6,24.9,4.6,4.1,cloudy
2015-12-26,18.6,27.3,16.0,6.0,rain
2015-12-27,13.8,30.5,-1.4,6.3,rain
2015-12-28,13.5,17.7,7.6,4.2,rain
2015-12-29,4.3,14.1,-3.4,1.4,cloudy
2015-12-30,13.2,14.8,-3.2,0.9,rain
2015-12-31,7.9,26.4,9.3,0.2,cloudy
